Bay_Name,Grid_Row,Grid_Col
FPE-1,1,89
FPD-1,1,90
FPD-1,1,92
FPC-2,1,93
FPC-1,1,95
FPB-2,1,96
FPB-1,1,98
FPA-2,1,99
FPA-1,1,101
FPE-3,2,89
FPD-3,2,90
FPD-3,2,92
FPC-4,2,93
FPC-3,2,95
FPB-4,2,96
FPB-3,2,98
FPA-4,2,99
FPA-3,2,101
FPE-5,3,89
FPD-5,3,90
FPD-5,3,92
FPC-6,3,93
FPC-5,3,95
FPB-6,3,96
FPB-5,3,98
FPA-6,3,99
FPA-5,3,101
FPE-7,4,89
FPD-7,4,90
FPD-7,4,92
FPC-8,4,93
FPC-7,4,95
FPB-8,4,96
FPB-7,4,98
FPA-8,4,99
FPA-7,4,101
FPE-9,5,89
FPD-9,5,90
FPD-9,5,92
FPC-10,5,93
FPC-9,5,95
FPB-10,5,96
FPB-9,5,98
FPA-10,5,99
FPA-9,5,101
FPE-11,6,89
FPD-11,6,90
FPD-11,6,92
FPC-12,6,93
FPC-11,6,95
FPB-12,6,96
FPB-11,6,98
FPA-12,6,99
FPA-11,6,101
SS-X2,10,30
SS-X1,10,32
SS-W2,10,33
SS-W1,10,35
SS-V2,10,36
SS-V1,10,38
SS-U2,10,39
SS-U1,10,41
SS-T2,10,42
SS-T1,10,44
SS-S2,10,45
SS-S1,10,47
SS-R2,10,48
SS-P2,10,54
SS-P1,10,56
SS-J1,10,74
SS-I2,10,75
SS-I1,10,77
SS-H2,10,78
SS-H1,10,80
SS-G2,10,81
SS-G1,10,83
SS-F2,10,84
SS-F1,10,86
SS-E2,10,87
SS-E1,10,89
SS-D2,10,90
SS-D1,10,92
SS-C2,10,93
SS-C1,10,95
SS-B2,10,96
SS-B1,10,98
SS-A2,10,99
SS-X4,11,30
SS-X3,11,32
SS-W4,11,33
SS-W3,11,35
SS-V4,11,36
SS-V3,11,38
SS-U4,11,39
SS-U3,11,41
SS-T4,11,42
SS-T3,11,44
SS-S4,11,45
SS-S3,11,47
SS-R4,11,48
SS-R1,11,50
SS-Q2,11,51
SS-Q1,11,53
SS-P4,11,54
SS-P3,11,56
SS-O2,11,57
SS-O1,11,59
SS-N2,11,60
SS-M1,11,65
SS-L2,11,66
SS-L1,11,68
SS-K2,11,69
SS-K1,11,71
SS-J2,11,72
SS-J3,11,74
SS-I4,11,75
SS-I3,11,77
SS-H4,11,78
SS-H3,11,80
SS-G4,11,81
SS-G3,11,83
SS-F4,11,84
SS-F3,11,86
SS-E4,11,87
SS-E3,11,89
SS-D4,11,90
SS-D3,11,92
SS-C4,11,93
SS-C3,11,95
SS-B4,11,96
SS-B3,11,98
SS-A4,11,99
SS-A-41,11,101
SS-X6,12,30
SS-X5,12,32
SS-W6,12,33
SS-W5,12,35
SS-V6,12,36
SS-V5,12,38
SS-U6,12,39
SS-U5,12,41
SS-T6,12,42
SS-T5,12,44
SS-S6,12,45
SS-S5,12,47
SS-R6,12,48
SS-R3,12,50
SS-Q4,12,51
SS-Q3,12,53
SS-P6,12,54
SS-P5,12,56
SS-O4,12,57
SS-O3,12,59
SS-N4,12,60
SS-N1,12,62
SS-M2,12,63
SS-M3,12,65
SS-L4,12,66
SS-L3,12,68
SS-K4,12,69
SS-K3,12,71
SS-J4,12,72
SS-J5,12,74
SS-I6,12,75
SS-I5,12,77
SS-H6,12,78
SS-H5,12,80
SS-G6,12,81
SS-G5,12,83
SS-F6,12,84
SS-F5,12,86
SS-E6,12,87
SS-E5,12,89
SS-D6,12,90
SS-D5,12,92
SS-C6,12,93
SS-C5,12,95
SS-B6,12,96
SS-B5,12,98
SS-A6,12,99
SS-A-43,12,101
SS-X8,13,30
SS-X7,13,32
SS-W8,13,33
SS-W7,13,35
SS-V8,13,36
SS-V7,13,38
SS-U8,13,39
SS-U7,13,41
SS-T8,13,42
SS-T7,13,44
SS-S8,13,45
SS-S7,13,47
SS-R8,13,48
SS-R5,13,50
SS-Q6,13,51
SS-Q5,13,53
SS-P8,13,54
SS-P7,13,56
SS-O6,13,57
SS-O5,13,59
SS-N6,13,60
SS-N3,13,62
SS-M4,13,63
SS-M5,13,65
SS-L6,13,66
SS-L5,13,68
SS-K6,13,69
SS-K5,13,71
SS-J6,13,72
SS-J7,13,74
SS-I8,13,75
SS-I7,13,77
SS-H8,13,78
SS-H7,13,80
SS-G8,13,81
SS-G7,13,83
SS-F8,13,84
SS-F7,13,86
SS-E8,13,87
SS-E7,13,89
SS-D8,13,90
SS-D7,13,92
SS-C8,13,93
SS-C7,13,95
SS-B8,13,96
SS-B7,13,98
SS-A8,13,99
SS-A-45,13,101
SS-X10,14,30
SS-X9,14,32
SS-W10,14,33
SS-W9,14,35
SS-V10,14,36
SS-V9,14,38
SS-U10,14,39
SS-U9,14,41
SS-T10,14,42
SS-T9,14,44
SS-S10,14,45
SS-S9,14,47
SS-R10,14,48
SS-R7,14,50
SS-Q8,14,51
SS-Q7,14,53
SS-P10,14,54
SS-P9,14,56
SS-O8,14,57
SS-O7,14,59
SS-N8,14,60
SS-N5,14,62
SS-M6,14,63
SS-M7,14,65
SS-L8,14,66
SS-L7,14,68
SS-K8,14,69
SS-K7,14,71
SS-J8,14,72
SS-J9,14,74
SS-I10,14,75
SS-I9,14,77
SS-H10,14,78
SS-H9,14,80
SS-G10,14,81
SS-G9,14,83
SS-F10,14,84
SS-F9,14,86
SS-E10,14,87
SS-E9,14,89
SS-D10,14,90
SS-D9,14,92
SS-C10,14,93
SS-C9,14,95
SS-B10,14,96
SS-B9,14,98
SS-A10,14,99
SS-A-47,14,101
SS-X12,15,30
SS-X11,15,32
SS-W12,15,33
SS-W11,15,35
SS-V12,15,36
SS-V11,15,38
SS-U12,15,39
SS-U11,15,41
SS-T12,15,42
SS-T11,15,44
SS-S12,15,45
SS-S11,15,47
SS-R12,15,48
SS-R9,15,50
SS-Q10,15,51
SS-Q9,15,53
SS-P12,15,54
SS-P11,15,56
SS-O10,15,57
SS-O9,15,59
SS-N10,15,60
SS-N7,15,62
SS-M8,15,63
SS-M9,15,65
SS-L10,15,66
SS-L9,15,68
SS-K10,15,69
SS-K9,15,71
SS-J10,15,72
SS-J11,15,74
SS-I12,15,75
SS-I11,15,77
SS-H12,15,78
SS-H11,15,80
SS-G12,15,81
SS-G11,15,83
SS-F12,15,84
SS-F11,15,86
SS-E12,15,87
SS-E11,15,89
SS-D12,15,90
SS-D11,15,92
SS-C12,15,93
SS-C11,15,95
SS-B12,15,96
SS-B11,15,98
SS-A12,15,99
SS-A-49,15,101
SS-X14,16,30
SS-X13,16,32
SS-W14,16,33
SS-W13,16,35
SS-V14,16,36
SS-V13,16,38
SS-U14,16,39
SS-U13,16,41
SS-T14,16,42
SS-T13,16,44
SS-S14,16,45
SS-S13,16,47
SS-R14,16,48
SS-R11,16,50
SS-Q12,16,51
SS-Q11,16,53
SS-P14,16,54
SS-P13,16,56
SS-O12,16,57
SS-O11,16,59
SS-N12,16,60
SS-N9,16,62
SS-M10,16,63
SS-M11,16,65
SS-L12,16,66
SS-L11,16,68
SS-K12,16,69
SS-K11,16,71
SS-J12,16,72
SS-J13,16,74
SS-I14,16,75
SS-I13,16,77
SS-H14,16,78
SS-H13,16,80
SS-G14,16,81
SS-G13,16,83
SS-F14,16,84
SS-F13,16,86
SS-E14,16,87
SS-E13,16,89
SS-D14,16,90
SS-D13,16,92
SS-C14,16,93
SS-C13,16,95
SS-B14,16,96
SS-B13,16,98
SS-A14,16,99
SS-A-51,16,101
WS-E-1,17,15
WS-D-2,17,16
WS-D-1,17,18
WS-C-2,17,19
WS-C-1,17,21
WS-B-2,17,22
WS-B-1,17,24
WS-A-2,17,25
WS-A-1,17,27
SS-X16,17,30
SS-X15,17,32
SS-W16,17,33
SS-W15,17,35
SS-V16,17,36
SS-V15,17,38
SS-U16,17,39
SS-U15,17,41
SS-T16,17,42
SS-T15,17,44
SS-S16,17,45
SS-S15,17,47
SS-R16,17,48
SS-R13,17,50
SS-Q14,17,51
SS-Q13,17,53
SS-P16,17,54
SS-P15,17,56
SS-O14,17,57
SS-O13,17,59
SS-N14,17,60
SS-N11,17,62
SS-M12,17,63
SS-M13,17,65
SS-L14,17,66
SS-L13,17,68
SS-K14,17,69
SS-K13,17,71
SS-J14,17,72
SS-J15,17,74
SS-I16,17,75
SS-I15,17,77
SS-H16,17,78
SS-H15,17,80
SS-G16,17,81
SS-G15,17,83
SS-F16,17,84
SS-F15,17,86
SS-E16,17,87
SS-E15,17,89
SS-D16,17,90
SS-D15,17,92
SS-C16,17,93
SS-C15,17,95
SS-B16,17,96
SS-B15,17,98
SS-A16,17,99
SS-A-53,17,101
WS-E-3,18,15
WS-D-4,18,16
WS-D-3,18,18
WS-C-4,18,19
WS-C-3,18,21
WS-B-4,18,22
WS-B-3,18,24
WS-A-4,18,25
WS-A-3,18,27
SS-X18,18,30
SS-X17,18,32
SS-W18,18,33
SS-W17,18,35
SS-V18,18,36
SS-V17,18,38
SS-U18,18,39
SS-U17,18,41
SS-T18,18,42
SS-T17,18,44
SS-S18,18,45
SS-S17,18,47
SS-R18,18,48
SS-R15,18,50
SS-Q16,18,51
SS-Q15,18,53
SS-P18,18,54
SS-P17,18,56
SS-O16,18,57
SS-O15,18,59
SS-N16,18,60
SS-N13,18,62
SS-M14,18,63
SS-M15,18,65
SS-L16,18,66
SS-L15,18,68
SS-K16,18,69
SS-K15,18,71
SS-J16,18,72
SS-J17,18,74
SS-I18,18,75
SS-I17,18,77
SS-H18,18,78
SS-H17,18,80
SS-G18,18,81
SS-G17,18,83
SS-F18,18,84
SS-F17,18,86
SS-E18,18,87
SS-E17,18,89
SS-D18,18,90
SS-D17,18,92
SS-C18,18,93
SS-C17,18,95
SS-B18,18,96
SS-B17,18,98
SS-A18,18,99
SS-A-55,18,101
WS-E-5,19,15
WS-D-6,19,16
WS-D-5,19,18
WS-C-6,19,19
WS-C-5,19,21
WS-B-6,19,22
WS-B-5,19,24
WS-A-6,19,25
WS-A-5,19,27
LS-D2,19,28
SS-X20,19,30
SS-X19,19,32
SS-W20,19,33
SS-W19,19,35
SS-V20,19,36
SS-V19,19,38
SS-U20,19,39
SS-U19,19,41
SS-T20,19,42
SS-T19,19,44
SS-S20,19,45
SS-S19,19,47
SS-R20,19,48
SS-R17,19,50
SS-Q18,19,51
SS-Q17,19,53
SS-P20,19,54
SS-P19,19,56
SS-O18,19,57
SS-O17,19,59
SS-N18,19,60
SS-N15,19,62
SS-M16,19,63
SS-M17,19,65
SS-L18,19,66
SS-L17,19,68
SS-K18,19,69
SS-K17,19,71
SS-J18,19,72
SS-J19,19,74
SS-I20,19,75
SS-I19,19,77
SS-H20,19,78
SS-H19,19,80
SS-G20,19,81
SS-G19,19,83
SS-F20,19,84
SS-F19,19,86
SS-E20,19,87
SS-E19,19,89
SS-D20,19,90
SS-D19,19,92
SS-C20,19,93
SS-C19,19,95
SS-B20,19,96
SS-B19,19,98
SS-A20,19,99
SS-A-57,19,101
WS-E-7,20,15
WS-D-8,20,16
WS-D-7,20,18
WS-C-8,20,19
WS-C-7,20,21
WS-B-8,20,22
WS-B-7,20,24
WS-A-8,20,25
WS-A-7,20,27
LS-D4,20,28
SS-X22,20,30
SS-X21,20,32
SS-W22,20,33
SS-W21,20,35
SS-V22,20,36
SS-V21,20,38
SS-U22,20,39
SS-U21,20,41
SS-T22,20,42
SS-T21,20,44
SS-S22,20,45
SS-S21,20,47
SS-R22,20,48
SS-R19,20,50
SS-Q20,20,51
SS-Q19,20,53
SS-P22,20,54
SS-P21,20,56
SS-O20,20,57
SS-O19,20,59
SS-N20,20,60
SS-N17,20,62
SS-M18,20,63
SS-M19,20,65
SS-L20,20,66
SS-L19,20,68
SS-K20,20,69
SS-K19,20,71
SS-J20,20,72
SS-J21,20,74
SS-I22,20,75
SS-I21,20,77
SS-H22,20,78
SS-H21,20,80
SS-G22,20,81
SS-G21,20,83
SS-F22,20,84
SS-F21,20,86
SS-E22,20,87
SS-E21,20,89
SS-D22,20,90
SS-D21,20,92
SS-C22,20,93
SS-C21,20,95
SS-B22,20,96
SS-B21,20,98
SS-A22,20,99
SS-A-59,20,101
WS-E-9,21,15
WS-D-10,21,16
WS-D-9,21,18
WS-C-10,21,19
WS-C-9,21,21
WS-B-10,21,22
WS-B-9,21,24
WS-A-10,21,25
WS-A-9,21,27
LS-D6,21,28
SS-X24,21,30
SS-X23,21,32
SS-W24,21,33
SS-W23,21,35
SS-V24,21,36
SS-V23,21,38
SS-U24,21,39
SS-U23,21,41
SS-T24,21,42
SS-T23,21,44
SS-S24,21,45
SS-S23,21,47
SS-R24,21,48
SS-R21,21,50
SS-Q22,21,51
SS-Q21,21,53
SS-P24,21,54
SS-P23,21,56
SS-O22,21,57
SS-O21,21,59
SS-N22,21,60
SS-N19,21,62
SS-M20,21,63
SS-M21,21,65
SS-L22,21,66
SS-L21,21,68
SS-K22,21,69
SS-K21,21,71
SS-J22,21,72
SS-J23,21,74
SS-I24,21,75
SS-I23,21,77
SS-H24,21,78
SS-H23,21,80
SS-G24,21,81
SS-G23,21,83
SS-F24,21,84
SS-F23,21,86
SS-E24,21,87
SS-E23,21,89
SS-D24,21,90
SS-D23,21,92
SS-C24,21,93
SS-C23,21,95
SS-B24,21,96
SS-B23,21,98
SS-A24,21,99
SS-A-61,21,101
WS-E-11,22,15
WS-D-12,22,16
WS-D-11,22,18
WS-C-12,22,19
WS-C-11,22,21
WS-B-12,22,22
WS-B-11,22,24
WS-A-12,22,25
WS-A-11,22,27
LS-D8,22,28
SS-X26,22,30
SS-X25,22,32
SS-W26,22,33
SS-W25,22,35
SS-V26,22,36
SS-V25,22,38
SS-U26,22,39
SS-U25,22,41
SS-T26,22,42
SS-T25,22,44
SS-S26,22,45
SS-S25,22,47
SS-R26,22,48
SS-R23,22,50
SS-Q24,22,51
SS-Q23,22,53
SS-P26,22,54
SS-P25,22,56
SS-O24,22,57
SS-O23,22,59
SS-N24,22,60
SS-N21,22,62
SS-M22,22,63
SS-M23,22,65
SS-L24,22,66
SS-L23,22,68
SS-K24,22,69
SS-K23,22,71
SS-J24,22,72
SS-J25,22,74
SS-I26,22,75
SS-I25,22,77
SS-H26,22,78
SS-H25,22,80
SS-G26,22,81
SS-G25,22,83
SS-F26,22,84
SS-F25,22,86
SS-E26,22,87
SS-E25,22,89
SS-D26,22,90
SS-D25,22,92
SS-C26,22,93
SS-C25,22,95
SS-B26,22,96
SS-B25,22,98
SS-A26,22,99
SS-A-63,22,101
WS-E-13,23,15
WS-D-14,23,16
WS-D-13,23,18
WS-C-14,23,19
WS-C-13,23,21
WS-B-14,23,22
WS-B-13,23,24
WS-A-14,23,25
WS-A-13,23,27
LS-D10,23,28
SS-X28,23,30
SS-X27,23,32
SS-W28,23,33
SS-W27,23,35
SS-V28,23,36
SS-V27,23,38
SS-U28,23,39
SS-U27,23,41
SS-T28,23,42
SS-T27,23,44
SS-S28,23,45
SS-S27,23,47
SS-R28,23,48
SS-R25,23,50
SS-Q26,23,51
SS-Q25,23,53
SS-P28,23,54
SS-P27,23,56
SS-O26,23,57
SS-O25,23,59
SS-N26,23,60
SS-N23,23,62
SS-M24,23,63
SS-M25,23,65
SS-L26,23,66
SS-L25,23,68
SS-K26,23,69
SS-K25,23,71
SS-J26,23,72
SS-J27,23,74
SS-I28,23,75
SS-I27,23,77
SS-H28,23,78
SS-H27,23,80
SS-G28,23,81
SS-G27,23,83
SS-F28,23,84
SS-F27,23,86
SS-E28,23,87
SS-E27,23,89
SS-D28,23,90
SS-D27,23,92
SS-C28,23,93
SS-C27,23,95
SS-B28,23,96
SS-B27,23,98
SS-A28,23,99
SS-A-65,23,101
WS-E-15,24,15
WS-D-16,24,16
WS-D-15,24,18
WS-C-16,24,19
WS-C-15,24,21
WS-B-16,24,22
WS-B-15,24,24
WS-A-16,24,25
WS-A-15,24,27
LS-D12,24,28
SS-X30,24,30
SS-X29,24,32
SS-W30,24,33
SS-W29,24,35
SS-V30,24,36
SS-V29,24,38
SS-U30,24,39
SS-U29,24,41
SS-T30,24,42
SS-T29,24,44
SS-S30,24,45
SS-S29,24,47
SS-R30,24,48
SS-R27,24,50
SS-Q28,24,51
SS-Q27,24,53
SS-P30,24,54
SS-P29,24,56
SS-O28,24,57
SS-O27,24,59
SS-N28,24,60
SS-N25,24,62
SS-M26,24,63
SS-M27,24,65
SS-L28,24,66
SS-L27,24,68
SS-K28,24,69
SS-K27,24,71
SS-J28,24,72
SS-J29,24,74
SS-I30,24,75
SS-I29,24,77
SS-H30,24,78
SS-H29,24,80
SS-G30,24,81
SS-G29,24,83
SS-F30,24,84
SS-F29,24,86
SS-E30,24,87
SS-E29,24,89
SS-D30,24,90
SS-D29,24,92
SS-C30,24,93
SS-C29,24,95
SS-B30,24,96
SS-B29,24,98
SS-A30,24,99
SS-A-67,24,101
WS-E-17,25,15
WS-D-18,25,16
WS-D-17,25,18
WS-C-18,25,19
WS-C-17,25,21
WS-B-18,25,22
WS-B-17,25,24
WS-A-18,25,25
WS-A-17,25,27
LS-D14,25,28
SS-X32,25,30
SS-X31,25,32
SS-W32,25,33
SS-W31,25,35
SS-V32,25,36
SS-V31,25,38
SS-U32,25,39
SS-U31,25,41
SS-T32,25,42
SS-T31,25,44
SS-S32,25,45
SS-S31,25,47
SS-R32,25,48
SS-R29,25,50
SS-Q30,25,51
SS-Q29,25,53
SS-P32,25,54
SS-P31,25,56
SS-O30,25,57
SS-O29,25,59
SS-N30,25,60
SS-N27,25,62
SS-M28,25,63
SS-M29,25,65
SS-L30,25,66
SS-L29,25,68
SS-K30,25,69
SS-K29,25,71
SS-J30,25,72
SS-J31,25,74
SS-I32,25,75
SS-I31,25,77
SS-H32,25,78
SS-H31,25,80
SS-G32,25,81
SS-G31,25,83
SS-F32,25,84
SS-F31,25,86
SS-E32,25,87
SS-E31,25,89
SS-D32,25,90
SS-D31,25,92
SS-C32,25,93
SS-C31,25,95
SS-B32,25,96
SS-B31,25,98
SS-A32,25,99
SS-A-69,25,101
WS-E-19,26,15
WS-D-20,26,16
WS-D-19,26,18
WS-C-20,26,19
WS-C-19,26,21
WS-B-20,26,22
WS-B-19,26,24
WS-A-20,26,25
WS-A-19,26,27
LS-D16,26,28
SS-X34,26,30
SS-X33,26,32
SS-W34,26,33
SS-W33,26,35
SS-V34,26,36
SS-V33,26,38
SS-U34,26,39
SS-U33,26,41
SS-T34,26,42
SS-T33,26,44
SS-S34,26,45
SS-S33,26,47
SS-R34,26,48
SS-R31,26,50
SS-Q32,26,51
SS-Q31,26,53
SS-P34,26,54
SS-P33,26,56
SS-O32,26,57
SS-O31,26,59
SS-N32,26,60
SS-N29,26,62
SS-M30,26,63
SS-M31,26,65
SS-L32,26,66
SS-L31,26,68
SS-K32,26,69
SS-K31,26,71
SS-J32,26,72
SS-J33,26,74
SS-I34,26,75
SS-I33,26,77
SS-H34,26,78
SS-H33,26,80
SS-G34,26,81
SS-G33,26,83
SS-F34,26,84
SS-F33,26,86
SS-E34,26,87
SS-E33,26,89
SS-D34,26,90
SS-D33,26,92
SS-C34,26,93
SS-C33,26,95
SS-B34,26,96
SS-B33,26,98
SS-A34,26,99
SS-A-71,26,101
WS-E-21,27,15
WS-D-22,27,16
WS-D-21,27,18
WS-C-22,27,19
WS-C-21,27,21
WS-B-22,27,22
WS-B-21,27,24
WS-A-22,27,25
WS-A-21,27,27
LS-D18,27,28
SS-X36,27,30
SS-X35,27,32
SS-W36,27,33
SS-W35,27,35
SS-V36,27,36
SS-V35,27,38
SS-U36,27,39
SS-U35,27,41
SS-T36,27,42
SS-T35,27,44
SS-S36,27,45
SS-S35,27,47
SS-R36,27,48
SS-R33,27,50
SS-Q34,27,51
SS-Q33,27,53
SS-P36,27,54
SS-P35,27,56
SS-O34,27,57
SS-O33,27,59
SS-N34,27,60
SS-N31,27,62
SS-M32,27,63
SS-M33,27,65
SS-L34,27,66
SS-L33,27,68
SS-K34,27,69
SS-K33,27,71
SS-J34,27,72
SS-J35,27,74
SS-I36,27,75
SS-I35,27,77
SS-H36,27,78
SS-H35,27,80
SS-G36,27,81
SS-G35,27,83
SS-F36,27,84
SS-F35,27,86
SS-E36,27,87
SS-E35,27,89
SS-D36,27,90
SS-D35,27,92
SS-C36,27,93
SS-C35,27,95
SS-B36,27,96
SS-B35,27,98
SS-A36,27,99
SS-A-73,27,101
LS-M2,31,1
LS-M1,31,3
LS-L2,31,4
LS-L1,31,6
LS-K2,31,7
LS-K1,31,9
LS-J2,31,10
LS-J1,31,12
LS-I2,31,13
LS-I1,31,15
LS-H2,31,16
LS-H1,31,18
LS-G2,31,19
LS-G1,31,21
LS-F2,31,22
LS-F1,31,24
LS-E2,31,25
LS-E1,31,27
LS-N2,31,28
LS-D1,31,30
LS-C2,31,31
LS-C1,31,33
LS-B2,31,34
LS-B1,31,36
LS-A2,31,37
LS-A1,31,39
LF-D2,31,40
LF-D1,31,42
LF-C2,31,43
LF-C1,31,45
LF-B2,31,46
LF-B1,31,48
LF-A2,31,49
LS-M4,32,1
LS-M3,32,3
LS-L4,32,4
LS-L3,32,6
LS-K4,32,7
LS-K3,32,9
LS-J4,32,10
LS-J3,32,12
LS-I4,32,13
LS-I3,32,15
LS-H4,32,16
LS-H3,32,18
LS-G4,32,19
LS-G3,32,21
LS-F4,32,22
LS-F3,32,24
LS-E4,32,25
LS-E3,32,27
LS-N4,32,28
LS-D3,32,30
LS-C4,32,31
LS-C3,32,33
LS-B4,32,34
LS-B3,32,36
LS-A4,32,37
LS-A3,32,39
LF-D4,32,40
LF-D3,32,42
LF-C4,32,43
LF-C3,32,45
LF-B4,32,46
LF-B3,32,48
LF-A4,32,49
LS-M6,33,1
LS-M5,33,3
LS-L6,33,4
LS-L5,33,6
LS-K6,33,7
LS-K5,33,9
LS-J6,33,10
LS-J5,33,12
LS-I6,33,13
LS-I5,33,15
LS-H6,33,16
LS-H5,33,18
LS-G6,33,19
LS-G5,33,21
LS-F6,33,22
LS-F5,33,24
LS-E6,33,25
LS-E5,33,27
LS-N6,33,28
LS-D5,33,30
LS-C6,33,31
LS-C5,33,33
LS-B6,33,34
LS-B5,33,36
LS-A6,33,37
LS-A5,33,39
LF-D6,33,40
LF-D5,33,42
LF-C6,33,43
LF-C5,33,45
LF-B6,33,46
LF-B5,33,48
LF-A6,33,49
LS-M8,34,1
LS-M7,34,3
LS-L8,34,4
LS-L7,34,6
LS-K8,34,7
LS-K7,34,9
LS-J8,34,10
LS-J7,34,12
LS-I8,34,13
LS-I7,34,15
LS-H8,34,16
LS-H7,34,18
LS-G8,34,19
LS-G7,34,21
LS-F8,34,22
LS-F7,34,24
LS-E8,34,25
LS-E7,34,27
LS-N8,34,28
LS-D7,34,30
LS-C8,34,31
LS-C7,34,33
LS-B8,34,34
LS-B7,34,36
LS-A8,34,37
LS-A7,34,39
LF-D8,34,40
LF-D7,34,42
LF-C8,34,43
LF-C7,34,45
LF-B8,34,46
LF-B7,34,48
LF-A8,34,49
LS-M10,35,1
LS-M9,35,3
LS-L10,35,4
LS-L9,35,6
LS-K10,35,7
LS-K9,35,9
LS-J10,35,10
LS-J9,35,12
LS-I10,35,13
LS-I9,35,15
LS-H10,35,16
LS-H9,35,18
LS-G10,35,19
LS-G9,35,21
LS-F10,35,22
LS-F9,35,24
LS-E10,35,25
LS-E9,35,27
LS-N10,35,28
LS-D9,35,30
LS-C10,35,31
LS-C9,35,33
LS-B10,35,34
LS-B9,35,36
LS-A10,35,37
LS-A9,35,39
LF-D10,35,40
LF-D9,35,42
LF-C10,35,43
LF-C9,35,45
LF-B10,35,46
LF-B9,35,48
LF-A10,35,49
LS-M12,36,1
LS-M11,36,3
LS-L12,36,4
LS-L11,36,6
LS-K12,36,7
LS-K11,36,9
LS-J12,36,10
LS-J11,36,12
LS-I12,36,13
LS-I11,36,15
LS-H12,36,16
LS-H11,36,18
LS-G12,36,19
LS-G11,36,21
LS-F12,36,22
LS-F11,36,24
LS-E12,36,25
LS-E11,36,27
LS-N12,36,28
LS-D11,36,30
LS-C12,36,31
LS-C11,36,33
LS-B12,36,34
LS-B11,36,36
LS-A12,36,37
LS-A11,36,39
LF-D12,36,40
LF-D11,36,42
LF-C12,36,43
LF-C11,36,45
LF-B12,36,46
LF-B11,36,48
LF-A12,36,49
LS-M14,37,1
LS-M13,37,3
LS-L14,37,4
LS-L13,37,6
LS-K14,37,7
LS-K13,37,9
LS-J14,37,10
LS-J13,37,12
LS-I14,37,13
LS-I13,37,15
LS-H14,37,16
LS-H13,37,18
LS-G14,37,19
LS-G13,37,21
LS-F14,37,22
LS-F13,37,24
LS-E14,37,25
LS-E13,37,27
LS-N14,37,28
LS-D13,37,30
LS-C14,37,31
LS-C13,37,33
LS-B14,37,34
LS-B13,37,36
LS-A14,37,37
LS-A13,37,39
LF-D14,37,40
LF-D13,37,42
LF-C14,37,43
LF-C13,37,45
LF-B14,37,46
LF-B13,37,48
LF-A14,37,49
LS-M16,38,1
LS-M15,38,3
LS-L16,38,4
LS-L15,38,6
LS-K16,38,7
LS-K15,38,9
LS-J16,38,10
LS-J15,38,12
LS-I16,38,13
LS-I15,38,15
LS-H16,38,16
LS-H15,38,18
LS-G16,38,19
LS-G15,38,21
LS-F16,38,22
LS-F15,38,24
LS-E16,38,25
LS-E15,38,27
LS-N16,38,28
LS-D15,38,30
LS-C16,38,31
LS-C15,38,33
LS-B16,38,34
LS-B15,38,36
LS-A16,38,37
LS-A15,38,39
LF-D16,38,40
LF-D15,38,42
LF-C16,38,43
LF-C15,38,45
LF-B16,38,46
LF-B15,38,48
LF-A16,38,49
LS-M18,39,1
LS-M17,39,3
LS-L18,39,4
LS-L17,39,6
LS-K18,39,7
LS-K17,39,9
LS-J18,39,10
LS-J17,39,12
LS-I18,39,13
LS-I17,39,15
LS-H18,39,16
LS-H17,39,18
LS-G18,39,19
LS-G17,39,21
LS-F18,39,22
LS-F17,39,24
LS-E18,39,25
LS-E17,39,27
LS-N18,39,28
LS-D17,39,30
LS-C18,39,31
LS-C17,39,33
LS-B18,39,34
LS-B17,39,36
LS-A18,39,37
LS-A17,39,39
LF-D18,39,40
LF-D17,39,42
LF-C18,39,43
LF-C17,39,45
LF-B18,39,46
LF-B17,39,48
LF-A18,39,49
LS-N20,40,28
LS-N22,41,28
LS-N24,42,28
LS-W2,43,1
LS-W1,43,3
LS-V1,43,4
LS-V1,43,6
LS-U2,43,7
LS-U1,43,9
LS-T2,43,10
LS-T1,43,12
LS-S2,43,13
LS-S1,43,15
LS-R2,43,16
LS-R1,43,18
LS-Q2,43,19
LS-Q1,43,21
LS-P2,43,22
LS-P1,43,24
LS-O2,43,25
LS-O1,43,27
LS-N26,43,28
LS-W4,44,1
LS-W3,44,3
LS-V3,44,4
LS-V3,44,6
LS-U4,44,7
LS-U3,44,9
LS-T4,44,10
LS-T3,44,12
LS-S4,44,13
LS-S3,44,15
LS-R4,44,16
LS-R3,44,18
LS-Q4,44,19
LS-Q3,44,21
LS-P4,44,22
LS-P3,44,24
LS-O4,44,25
LS-O3,44,27
LS-N28,44,28
LS-W6,45,1
LS-W5,45,3
LS-V5,45,4
LS-V5,45,6
LS-U6,45,7
LS-U5,45,9
LS-T6,45,10
LS-T5,45,12
LS-S6,45,13
LS-S5,45,15
LS-R6,45,16
LS-R5,45,18
LS-Q6,45,19
LS-Q5,45,21
LS-P6,45,22
LS-P5,45,24
LS-O6,45,25
LS-O5,45,27
LS-N30,45,28
LS-W8,46,1
LS-W7,46,3
LS-V7,46,4
LS-V7,46,6
LS-U8,46,7
LS-U7,46,9
LS-T8,46,10
LS-T7,46,12
LS-S8,46,13
LS-S7,46,15
LS-R8,46,16
LS-R7,46,18
LS-Q8,46,19
LS-Q7,46,21
LS-P8,46,22
LS-P7,46,24
LS-O8,46,25
LS-O7,46,27
LS-N32,46,28
LS-W10,47,1
LS-W9,47,3
LS-V9,47,4
LS-V9,47,6
LS-U10,47,7
LS-U9,47,9
LS-T10,47,10
LS-T9,47,12
LS-S10,47,13
LS-S9,47,15
LS-R10,47,16
LS-R9,47,18
LS-Q10,47,19
LS-Q9,47,21
LS-P10,47,22
LS-P9,47,24
LS-O10,47,25
LS-O9,47,27
LS-N34,47,28
LS-W12,48,1
LS-W11,48,3
LS-V11,48,4
LS-V11,48,6
LS-U12,48,7
LS-U11,48,9
LS-T12,48,10
LS-T11,48,12
LS-S12,48,13
LS-S11,48,15
LS-R12,48,16
LS-R11,48,18
LS-Q12,48,19
LS-Q11,48,21
LS-P12,48,22
LS-P11,48,24
LS-O12,48,25
LS-O11,48,27
LS-N36,48,28
LS-W14,49,1
LS-W13,49,3
LS-V13,49,4
LS-V13,49,6
LS-U14,49,7
LS-U13,49,9
LS-T14,49,10
LS-T13,49,12
LS-S14,49,13
LS-S13,49,15
LS-R14,49,16
LS-R13,49,18
LS-Q14,49,19
LS-Q13,49,21
LS-P14,49,22
LS-P13,49,24
LS-O14,49,25
LS-O13,49,27
LS-N38,49,28
LS-W15,50,3
LS-V15,50,4
LS-V15,50,6
LS-U16,50,7
LS-U15,50,9
LS-T16,50,10
LS-T15,50,12
LS-S16,50,13
LS-S15,50,15
LS-R16,50,16
LS-R15,50,18
LS-Q16,50,19
LS-Q15,50,21
LS-P16,50,22
LS-P15,50,24
LS-O16,50,25
LS-O15,50,27
LS-N40,50,28
LS-W17,51,3
LS-V17,51,4
LS-V17,51,6
LS-U18,51,7
LS-U17,51,9
LS-T18,51,10
LS-T17,51,12
LS-S18,51,13
LS-S17,51,15
LS-R18,51,16
LS-R17,51,18
LS-Q18,51,19
LS-Q17,51,21
LS-P18,51,22
LS-P17,51,24
LS-O18,51,25
LS-O17,51,27
LS-N42,51,28
LS-S19,52,15
LS-R20,52,16
LS-R19,52,18
LS-Q20,52,19
LS-Q19,52,21
LS-P20,52,22
LS-N44,52,28
LS-N46,53,28
LS-N48,54,28
